"id.exposure","id.outcome","outcome","exposure","method","nsnp","b","se","pval","lo_ci","up_ci","or","or_lci95","or_uci95"
"ENSG00000185728","ukb-a-87","Non-cancer illness code  self-reported: osteoporosis || id:ukb-a-87","ENSG00000185728","MR Egger",592,0.00129177027360344,0.000258208508410687,7.46502265258962e-07,0.000785681597118492,0.00179785895008838,1.0012926049682,1.00078599032575,1.00179947606746
"ENSG00000185728","ukb-a-87","Non-cancer illness code  self-reported: osteoporosis || id:ukb-a-87","ENSG00000185728","Weighted median",592,-0.000113219871203395,0.000174504650494295,0.516463012205666,-0.000455248986172213,0.000228809243765423,0.999886786537924,0.999544854623924,1.0002288354226
"ENSG00000185728","ukb-a-87","Non-cancer illness code  self-reported: osteoporosis || id:ukb-a-87","ENSG00000185728","Inverse variance weighted",592,-0.000580515378499242,0.000130849383008571,9.14265515824175e-06,-0.000836980169196042,-0.000324050587802443,0.999419653087952,0.999163370001004,0.999676001910918
"ENSG00000185728","ukb-a-87","Non-cancer illness code  self-reported: osteoporosis || id:ukb-a-87","ENSG00000185728","Simple mode",592,-0.000122749995096141,0.000471186398741052,0.794559136476923,-0.0010462753366286,0.00080077534643632,0.999877257538376,0.99895427181857,1.00080109605261
"ENSG00000185728","ukb-a-87","Non-cancer illness code  self-reported: osteoporosis || id:ukb-a-87","ENSG00000185728","Weighted mode",592,-2.05186594982917e-05,0.000382941970198278,0.957286589821633,-0.000771084921086916,0.000730047602090332,0.999979481551008,0.999229212288495,1.0007303141517
